subid,subage,condition,trial,agent,novel,pick,leftObject,rightObject,correct,rt,test_date,experimenter,keep_drop,sex,dob,age_num,check_age,experiment
190411_4_nov,2,dis_novelty,1,Beaver,left,t05,t06,t05,0,12939,2019-04-11,MM,keep,F,2016-06-19,2.8109589041095893,TRUE,dis_novelty
190411_4_nov,2,dis_novelty,2,Tiger,right,t21,t07,t21,1,7918,2019-04-11,MM,keep,F,2016-06-19,2.8109589041095893,TRUE,dis_novelty
190411_4_nov,2,dis_novelty,3,Mouse,left,t04,t10,t04,0,8574,2019-04-11,MM,keep,F,2016-06-19,2.8109589041095893,TRUE,dis_novelty
190411_4_nov,2,dis_novelty,4,Monkey,right,t12,t15,t12,1,6841,2019-04-11,MM,keep,F,2016-06-19,2.8109589041095893,TRUE,dis_novelty
190411_4_nov,2,dis_novelty,5,Pig,left,t11,t09,t11,0,7375,2019-04-11,MM,keep,F,2016-06-19,2.8109589041095893,TRUE,dis_novelty
190411_5_nov,4,dis_novelty,1,Elephant,left,t22,t12,t22,0,9940,2019-04-11,MM,keep,M,2014-05-16,4.906849315068493,TRUE,dis_novelty
190411_5_nov,4,dis_novelty,2,Dog,left,t14,t14,t01,1,6189,2019-04-11,MM,keep,M,2014-05-16,4.906849315068493,TRUE,dis_novelty
190411_5_nov,4,dis_novelty,3,Frog,left,t18,t18,t20,1,7322,2019-04-11,MM,keep,M,2014-05-16,4.906849315068493,TRUE,dis_novelty
190411_5_nov,4,dis_novelty,4,Beaver,left,t16,t16,t19,1,6810,2019-04-11,MM,keep,M,2014-05-16,4.906849315068493,TRUE,dis_novelty
190411_5_nov,4,dis_novelty,5,Tiger,right,t15,t10,t15,1,7444,2019-04-11,MM,keep,M,2014-05-16,4.906849315068493,TRUE,dis_novelty
190411_5_nov,4,dis_novelty,6,Monkey,right,t17,t11,t17,1,6797,2019-04-11,MM,keep,M,2014-05-16,4.906849315068493,TRUE,dis_novelty
190411_5_nov,4,dis_novelty,7,Bear,right,t02,t04,t02,1,6584,2019-04-11,MM,keep,M,2014-05-16,4.906849315068493,TRUE,dis_novelty
190411_5_nov,4,dis_novelty,8,Bunny,left,t13,t13,t03,1,7114,2019-04-11,MM,keep,M,2014-05-16,4.906849315068493,TRUE,dis_novelty
190411_5_nov,4,dis_novelty,9,Cat,right,t06,t08,t06,1,6673,2019-04-11,MM,keep,M,2014-05-16,4.906849315068493,TRUE,dis_novelty
190411_5_nov,4,dis_novelty,10,Pig,right,t07,t09,t07,1,6881,2019-04-11,MM,keep,M,2014-05-16,4.906849315068493,TRUE,dis_novelty
190411_7_nov,4,dis_novelty,1,Dog,right,t02,t07,t02,1,5738,2019-04-11,MM,keep,M,2014-10-04,4.52054794520548,TRUE,dis_novelty
190411_7_nov,4,dis_novelty,2,Mouse,left,t21,t06,t21,0,6713,2019-04-11,MM,keep,M,2014-10-04,4.52054794520548,TRUE,dis_novelty
190411_7_nov,4,dis_novelty,3,Bunny,left,t19,t11,t19,0,8677,2019-04-11,MM,keep,M,2014-10-04,4.52054794520548,TRUE,dis_novelty
190411_7_nov,4,dis_novelty,4,Beaver,right,t18,t15,t18,1,6356,2019-04-11,MM,keep,M,2014-10-04,4.52054794520548,TRUE,dis_novelty
190411_7_nov,4,dis_novelty,5,Cat,right,t16,t08,t16,1,7261,2019-04-11,MM,keep,M,2014-10-04,4.52054794520548,TRUE,dis_novelty
190411_7_nov,4,dis_novelty,6,Frog,right,t13,t01,t13,1,6586,2019-04-11,MM,keep,M,2014-10-04,4.52054794520548,TRUE,dis_novelty
190411_7_nov,4,dis_novelty,7,Sheep,left,t12,t12,t22,1,7098,2019-04-11,MM,keep,M,2014-10-04,4.52054794520548,TRUE,dis_novelty
190411_7_nov,4,dis_novelty,8,Tiger,right,t20,t04,t20,1,7416,2019-04-11,MM,keep,M,2014-10-04,4.52054794520548,TRUE,dis_novelty
190411_7_nov,4,dis_novelty,9,Elephant,right,t09,t10,t09,1,7894,2019-04-11,MM,keep,M,2014-10-04,4.52054794520548,TRUE,dis_novelty
190411_7_nov,4,dis_novelty,10,Monkey,left,t03,t03,t17,1,6832,2019-04-11,MM,keep,M,2014-10-04,4.52054794520548,TRUE,dis_novelty
190411_8_nov,4,dis_novelty,1,Bunny,left,t06,t06,t19,1,7407,2019-04-11,MM,keep,F,2014-08-13,4.663013698630137,TRUE,dis_novelty
190411_8_nov,4,dis_novelty,2,Elephant,left,t14,t14,t21,1,6683,2019-04-11,MM,keep,F,2014-08-13,4.663013698630137,TRUE,dis_novelty
190411_8_nov,4,dis_novelty,3,Sheep,right,t20,t05,t20,1,6174,2019-04-11,MM,keep,F,2014-08-13,4.663013698630137,TRUE,dis_novelty
190411_8_nov,4,dis_novelty,4,Cat,right,t18,t15,t18,1,6149,2019-04-11,MM,keep,F,2014-08-13,4.663013698630137,TRUE,dis_novelty
190411_8_nov,4,dis_novelty,5,Mouse,right,t22,t07,t22,1,6643,2019-04-11,MM,keep,F,2014-08-13,4.663013698630137,TRUE,dis_novelty
190411_8_nov,4,dis_novelty,6,Bear,right,t11,t04,t11,1,6912,2019-04-11,MM,keep,F,2014-08-13,4.663013698630137,TRUE,dis_novelty
190411_8_nov,4,dis_novelty,7,Dog,right,t17,t16,t17,1,6107,2019-04-11,MM,keep,F,2014-08-13,4.663013698630137,TRUE,dis_novelty
190411_8_nov,4,dis_novelty,8,Beaver,left,t03,t03,t10,1,6659,2019-04-11,MM,keep,F,2014-08-13,4.663013698630137,TRUE,dis_novelty
190411_8_nov,4,dis_novelty,9,Pig,right,t12,t13,t12,1,6169,2019-04-11,MM,keep,F,2014-08-13,4.663013698630137,TRUE,dis_novelty
190411_8_nov,4,dis_novelty,10,Monkey,left,t08,t08,t02,1,6468,2019-04-11,MM,keep,F,2014-08-13,4.663013698630137,TRUE,dis_novelty
190412_1_nov,2,dis_novelty,1,Beaver,right,t18,t09,t18,1,8571,2019-04-12,MM,keep,M,2016-06-09,2.841095890410959,TRUE,dis_novelty
190412_1_nov,2,dis_novelty,2,Bear,left,t02,t06,t02,0,7819,2019-04-12,MM,keep,M,2016-06-09,2.841095890410959,TRUE,dis_novelty
190412_1_nov,2,dis_novelty,3,Pig,right,t21,t13,t21,1,8145,2019-04-12,MM,keep,M,2016-06-09,2.841095890410959,TRUE,dis_novelty
190412_1_nov,2,dis_novelty,4,Tiger,left,t08,t08,t16,1,10675,2019-04-12,MM,keep,M,2016-06-09,2.841095890410959,TRUE,dis_novelty
190412_1_nov,2,dis_novelty,5,Dog,left,t05,t05,t22,1,8657,2019-04-12,MM,keep,M,2016-06-09,2.841095890410959,TRUE,dis_novelty
190412_1_nov,2,dis_novelty,6,Frog,right,t03,t03,t14,0,8689,2019-04-12,MM,keep,M,2016-06-09,2.841095890410959,TRUE,dis_novelty
190412_1_nov,2,dis_novelty,7,Mouse,left,t20,t12,t20,0,8429,2019-04-12,MM,keep,M,2016-06-09,2.841095890410959,TRUE,dis_novelty
190412_1_nov,2,dis_novelty,8,Bunny,left,t01,t04,t01,0,8921,2019-04-12,MM,keep,M,2016-06-09,2.841095890410959,TRUE,dis_novelty
190412_1_nov,2,dis_novelty,9,Monkey,left,t19,t10,t19,0,7147,2019-04-12,MM,keep,M,2016-06-09,2.841095890410959,TRUE,dis_novelty
190412_1_nov,2,dis_novelty,10,Cat,right,t15,t17,t15,1,6868,2019-04-12,MM,keep,M,2016-06-09,2.841095890410959,TRUE,dis_novelty
190412_2_nov,4,dis_novelty,1,Frog,left,t11,t05,t11,0,12940,2019-04-12,MM,keep,F,2014-09-03,4.608219178082192,TRUE,dis_novelty
190412_2_nov,4,dis_novelty,2,Tiger,right,t10,t06,t10,1,9632,2019-04-12,MM,keep,F,2014-09-03,4.608219178082192,TRUE,dis_novelty
190412_2_nov,4,dis_novelty,3,Bunny,left,t14,t16,t14,0,10130,2019-04-12,MM,keep,F,2014-09-03,4.608219178082192,TRUE,dis_novelty
190412_2_nov,4,dis_novelty,4,Bear,right,t09,t19,t09,1,10459,2019-04-12,MM,keep,F,2014-09-03,4.608219178082192,TRUE,dis_novelty
190412_2_nov,4,dis_novelty,5,Beaver,left,t03,t17,t03,0,15675,2019-04-12,MM,keep,F,2014-09-03,4.608219178082192,TRUE,dis_novelty
190412_3_nov,3,dis_novelty,1,Dog,left,t03,t03,t10,1,7849,2019-04-12,MM,keep,F,2015-06-15,3.8273972602739725,TRUE,dis_novelty
190412_3_nov,3,dis_novelty,2,Frog,left,t02,t02,t05,1,6977,2019-04-12,MM,keep,F,2015-06-15,3.8273972602739725,TRUE,dis_novelty
190412_3_nov,3,dis_novelty,3,Elephant,right,t20,t20,t06,0,7535,2019-04-12,MM,keep,F,2015-06-15,3.8273972602739725,TRUE,dis_novelty
190412_3_nov,3,dis_novelty,4,Tiger,left,t08,t08,t04,1,8140,2019-04-12,MM,keep,F,2015-06-15,3.8273972602739725,TRUE,dis_novelty
190412_3_nov,3,dis_novelty,5,Pig,left,t01,t21,t01,0,9926,2019-04-12,MM,keep,F,2015-06-15,3.8273972602739725,TRUE,dis_novelty
190412_3_nov,3,dis_novelty,6,Monkey,right,t07,t17,t07,1,8540,2019-04-12,MM,keep,F,2015-06-15,3.8273972602739725,TRUE,dis_novelty
190412_3_nov,3,dis_novelty,7,Beaver,right,t16,t16,t18,0,11026,2019-04-12,MM,keep,F,2015-06-15,3.8273972602739725,TRUE,dis_novelty
190412_3_nov,3,dis_novelty,8,Sheep,right,t09,t15,t09,1,8139,2019-04-12,MM,keep,F,2015-06-15,3.8273972602739725,TRUE,dis_novelty
190412_3_nov,3,dis_novelty,9,Bunny,right,t11,t11,t19,0,9599,2019-04-12,MM,keep,F,2015-06-15,3.8273972602739725,TRUE,dis_novelty
190412_3_nov,3,dis_novelty,10,Cat,left,t12,t12,t14,1,10298,2019-04-12,MM,keep,F,2015-06-15,3.8273972602739725,TRUE,dis_novelty
190412_4_nov,4,dis_novelty,1,Frog,right,t10,t12,t10,1,6701,2019-04-12,MM,keep,M,2015-01-03,4.273972602739726,TRUE,dis_novelty
190412_4_nov,4,dis_novelty,2,Tiger,right,t04,t07,t04,1,8414,2019-04-12,MM,keep,M,2015-01-03,4.273972602739726,TRUE,dis_novelty
190412_4_nov,4,dis_novelty,3,Beaver,right,t03,t06,t03,1,6710,2019-04-12,MM,keep,M,2015-01-03,4.273972602739726,TRUE,dis_novelty
190412_4_nov,4,dis_novelty,4,Pig,right,t15,t18,t15,1,5334,2019-04-12,MM,keep,M,2015-01-03,4.273972602739726,TRUE,dis_novelty
190412_4_nov,4,dis_novelty,5,Bear,left,t11,t11,t16,1,5518,2019-04-12,MM,keep,M,2015-01-03,4.273972602739726,TRUE,dis_novelty
190412_5_nov,4,dis_novelty,1,Tiger,right,t22,t10,t22,1,6308,2019-04-12,MM,keep,F,2014-10-18,4.484931506849315,TRUE,dis_novelty
190412_5_nov,4,dis_novelty,2,Monkey,right,t20,t12,t20,1,5500,2019-04-12,MM,keep,F,2014-10-18,4.484931506849315,TRUE,dis_novelty
190412_5_nov,4,dis_novelty,3,Dog,left,t16,t16,t04,1,6282,2019-04-12,MM,keep,F,2014-10-18,4.484931506849315,TRUE,dis_novelty
190412_5_nov,4,dis_novelty,4,Pig,right,t18,t07,t18,1,6092,2019-04-12,MM,keep,F,2014-10-18,4.484931506849315,TRUE,dis_novelty
190412_5_nov,4,dis_novelty,5,Mouse,left,t21,t21,t02,1,6817,2019-04-12,MM,keep,F,2014-10-18,4.484931506849315,TRUE,dis_novelty
190412_5_nov,4,dis_novelty,6,Bear,right,t19,t19,t17,0,6266,2019-04-12,MM,keep,F,2014-10-18,4.484931506849315,TRUE,dis_novelty
190412_5_nov,4,dis_novelty,7,Elephant,left,t11,t11,t14,1,6298,2019-04-12,MM,keep,F,2014-10-18,4.484931506849315,TRUE,dis_novelty
190412_5_nov,4,dis_novelty,8,Sheep,right,t05,t09,t05,1,6115,2019-04-12,MM,keep,F,2014-10-18,4.484931506849315,TRUE,dis_novelty
190412_5_nov,4,dis_novelty,9,Cat,right,t08,t15,t08,1,5627,2019-04-12,MM,keep,F,2014-10-18,4.484931506849315,TRUE,dis_novelty
190412_5_nov,4,dis_novelty,10,Frog,left,t13,t13,t03,1,5633,2019-04-12,MM,keep,F,2014-10-18,4.484931506849315,TRUE,dis_novelty
190412_6_nov,4,dis_novelty,1,Bear,right,t21,t07,t21,1,6388,2019-04-12,MM,keep,F,2014-06-29,4.789041095890411,TRUE,dis_novelty
190412_6_nov,4,dis_novelty,2,Tiger,left,t09,t09,t04,1,7797,2019-04-12,MM,keep,F,2014-06-29,4.789041095890411,TRUE,dis_novelty
190412_6_nov,4,dis_novelty,3,Elephant,right,t22,t16,t22,1,8054,2019-04-12,MM,keep,F,2014-06-29,4.789041095890411,TRUE,dis_novelty
190412_6_nov,4,dis_novelty,4,Dog,left,t06,t06,t10,1,5580,2019-04-12,MM,keep,F,2014-06-29,4.789041095890411,TRUE,dis_novelty
190412_6_nov,4,dis_novelty,5,Frog,right,t18,t05,t18,1,5752,2019-04-12,MM,keep,F,2014-06-29,4.789041095890411,TRUE,dis_novelty
190412_7_nov,3,dis_novelty,1,Bunny,right,t06,t10,t06,1,7243,2019-04-12,MM,keep,M,2015-07-04,3.7753424657534245,TRUE,dis_novelty
190412_7_nov,3,dis_novelty,2,Pig,left,t03,t03,t05,1,7056,2019-04-12,MM,keep,M,2015-07-04,3.7753424657534245,TRUE,dis_novelty
190412_7_nov,3,dis_novelty,3,Elephant,right,t22,t12,t22,1,6470,2019-04-12,MM,keep,M,2015-07-04,3.7753424657534245,TRUE,dis_novelty
190412_7_nov,3,dis_novelty,4,Sheep,left,t15,t15,t18,1,6773,2019-04-12,MM,keep,M,2015-07-04,3.7753424657534245,TRUE,dis_novelty
190412_7_nov,3,dis_novelty,5,Beaver,left,t13,t13,t20,1,7501,2019-04-12,MM,keep,M,2015-07-04,3.7753424657534245,TRUE,dis_novelty
190412_7_nov,3,dis_novelty,6,Mouse,right,t21,t09,t21,1,6490,2019-04-12,MM,keep,M,2015-07-04,3.7753424657534245,TRUE,dis_novelty
190412_7_nov,3,dis_novelty,7,Dog,left,t08,t08,t01,1,6015,2019-04-12,MM,keep,M,2015-07-04,3.7753424657534245,TRUE,dis_novelty
190412_7_nov,3,dis_novelty,8,Cat,right,t17,t14,t17,1,6743,2019-04-12,MM,keep,M,2015-07-04,3.7753424657534245,TRUE,dis_novelty
190412_7_nov,3,dis_novelty,9,Frog,right,t19,t07,t19,1,12206,2019-04-12,MM,keep,M,2015-07-04,3.7753424657534245,TRUE,dis_novelty
190412_7_nov,3,dis_novelty,10,Tiger,left,t04,t04,t02,1,7042,2019-04-12,MM,keep,M,2015-07-04,3.7753424657534245,TRUE,dis_novelty
190412_8_nov,3,dis_novelty,1,Beaver,right,t14,t14,t07,0,8951,2019-04-12,MM,keep,F,2015-11-01,3.4465753424657533,TRUE,dis_novelty
190412_8_nov,3,dis_novelty,2,Elephant,right,t06,t06,t18,0,11956,2019-04-12,MM,keep,F,2015-11-01,3.4465753424657533,TRUE,dis_novelty
190412_8_nov,3,dis_novelty,3,Pig,right,t20,t01,t20,1,7884,2019-04-12,MM,keep,F,2015-11-01,3.4465753424657533,TRUE,dis_novelty
190412_8_nov,3,dis_novelty,4,Sheep,left,t22,t16,t22,0,8593,2019-04-12,MM,keep,F,2015-11-01,3.4465753424657533,TRUE,dis_novelty
190412_8_nov,3,dis_novelty,5,Dog,left,t10,t15,t10,0,7637,2019-04-12,MM,keep,F,2015-11-01,3.4465753424657533,TRUE,dis_novelty
190412_8_nov,3,dis_novelty,6,Bunny,left,t17,t13,t17,0,8690,2019-04-12,MM,keep,F,2015-11-01,3.4465753424657533,TRUE,dis_novelty
190412_8_nov,3,dis_novelty,7,Monkey,right,t02,t02,t21,0,7380,2019-04-12,MM,keep,F,2015-11-01,3.4465753424657533,TRUE,dis_novelty
190412_8_nov,3,dis_novelty,8,Cat,right,t04,t04,t09,0,7543,2019-04-12,MM,keep,F,2015-11-01,3.4465753424657533,TRUE,dis_novelty
190412_8_nov,3,dis_novelty,9,Tiger,left,t19,t12,t19,0,8208,2019-04-12,MM,keep,F,2015-11-01,3.4465753424657533,TRUE,dis_novelty
190412_8_nov,3,dis_novelty,10,Frog,right,t03,t03,t11,0,7144,2019-04-12,MM,keep,F,2015-11-01,3.4465753424657533,TRUE,dis_novelty
190412_9_nov,3,dis_novelty,1,Cat,right,t07,t14,t07,1,7252,2019-04-12,MM,keep,F,2016-01-19,3.23013698630137,TRUE,dis_novelty
190412_9_nov,3,dis_novelty,2,Tiger,left,t05,t05,t21,1,6877,2019-04-12,MM,keep,F,2016-01-19,3.23013698630137,TRUE,dis_novelty
190412_9_nov,3,dis_novelty,3,Sheep,right,t18,t02,t18,1,7480,2019-04-12,MM,keep,F,2016-01-19,3.23013698630137,TRUE,dis_novelty
190412_9_nov,3,dis_novelty,4,Elephant,left,t17,t17,t10,1,10394,2019-04-12,MM,keep,F,2016-01-19,3.23013698630137,TRUE,dis_novelty
190412_9_nov,3,dis_novelty,5,Frog,left,t13,t13,t09,1,8795,2019-04-12,MM,keep,F,2016-01-19,3.23013698630137,TRUE,dis_novelty
190412_9_nov,3,dis_novelty,6,Bunny,right,t08,t01,t08,1,8690,2019-04-12,MM,keep,F,2016-01-19,3.23013698630137,TRUE,dis_novelty
190412_9_nov,3,dis_novelty,7,Monkey,left,t20,t20,t19,1,11328,2019-04-12,MM,keep,F,2016-01-19,3.23013698630137,TRUE,dis_novelty
190412_9_nov,3,dis_novelty,8,Bear,right,t11,t16,t11,1,10040,2019-04-12,MM,keep,F,2016-01-19,3.23013698630137,TRUE,dis_novelty
190412_9_nov,3,dis_novelty,9,Mouse,right,t03,t06,t03,1,13235,2019-04-12,MM,keep,F,2016-01-19,3.23013698630137,TRUE,dis_novelty
190412_9_nov,3,dis_novelty,10,Pig,right,t15,t12,t15,1,7521,2019-04-12,MM,keep,F,2016-01-19,3.23013698630137,TRUE,dis_novelty
190412_10_nov,3,dis_novelty,1,Cat,left,t07,t07,t15,1,10030,2019-04-12,MM,keep,F,2016-01-14,3.243835616438356,TRUE,dis_novelty
190412_10_nov,3,dis_novelty,2,Beaver,right,t22,t01,t22,1,7375,2019-04-12,MM,keep,F,2016-01-14,3.243835616438356,TRUE,dis_novelty
190412_10_nov,3,dis_novelty,3,Elephant,right,t08,t04,t08,1,9547,2019-04-12,MM,keep,F,2016-01-14,3.243835616438356,TRUE,dis_novelty
190412_10_nov,3,dis_novelty,4,Mouse,right,t19,t10,t19,1,7098,2019-04-12,MM,keep,F,2016-01-14,3.243835616438356,TRUE,dis_novelty
190412_10_nov,3,dis_novelty,5,Pig,right,t03,t14,t03,1,6492,2019-04-12,MM,keep,F,2016-01-14,3.243835616438356,TRUE,dis_novelty
190412_10_nov,3,dis_novelty,6,Sheep,right,t06,t09,t06,1,5271,2019-04-12,MM,keep,F,2016-01-14,3.243835616438356,TRUE,dis_novelty
190412_10_nov,3,dis_novelty,7,Bunny,right,t12,t20,t12,1,6160,2019-04-12,MM,keep,F,2016-01-14,3.243835616438356,TRUE,dis_novelty
190412_10_nov,3,dis_novelty,8,Tiger,left,t05,t05,t16,1,6145,2019-04-12,MM,keep,F,2016-01-14,3.243835616438356,TRUE,dis_novelty
190412_10_nov,3,dis_novelty,9,Monkey,left,t13,t13,t11,1,8572,2019-04-12,MM,keep,F,2016-01-14,3.243835616438356,TRUE,dis_novelty
190412_10_nov,3,dis_novelty,10,Dog,left,t17,t17,t21,1,9021,2019-04-12,MM,keep,F,2016-01-14,3.243835616438356,TRUE,dis_novelty
190412_11_nov,3,dis_novelty,1,Bunny,left,t11,t11,t10,1,10035,2019-04-12,MM,keep,F,2015-08-30,3.6191780821917807,TRUE,dis_novelty
190412_11_nov,3,dis_novelty,2,Pig,left,t13,t13,t22,1,7860,2019-04-12,MM,keep,F,2015-08-30,3.6191780821917807,TRUE,dis_novelty
190412_11_nov,3,dis_novelty,3,Sheep,right,t20,t02,t20,1,7520,2019-04-12,MM,keep,F,2015-08-30,3.6191780821917807,TRUE,dis_novelty
190412_11_nov,3,dis_novelty,4,Dog,right,t05,t12,t05,1,6231,2019-04-12,MM,keep,F,2015-08-30,3.6191780821917807,TRUE,dis_novelty
190412_11_nov,3,dis_novelty,5,Monkey,right,t21,t09,t21,1,6798,2019-04-12,MM,keep,F,2015-08-30,3.6191780821917807,TRUE,dis_novelty
190412_12_nov,4,dis_novelty,1,Tiger,left,t01,t03,t01,0,7510,2019-04-12,MM,keep,M,2015-03-17,4.073972602739726,TRUE,dis_novelty
190412_12_nov,4,dis_novelty,2,Frog,right,t20,t10,t20,1,6734,2019-04-12,MM,keep,M,2015-03-17,4.073972602739726,TRUE,dis_novelty
190412_12_nov,4,dis_novelty,3,Elephant,left,t19,t04,t19,0,6226,2019-04-12,MM,keep,M,2015-03-17,4.073972602739726,TRUE,dis_novelty
190412_12_nov,4,dis_novelty,4,Mouse,left,t07,t07,t14,1,7535,2019-04-12,MM,keep,M,2015-03-17,4.073972602739726,TRUE,dis_novelty
190412_12_nov,4,dis_novelty,5,Dog,right,t13,t09,t13,1,6925,2019-04-12,MM,keep,M,2015-03-17,4.073972602739726,TRUE,dis_novelty
190412_12_nov,4,dis_novelty,6,Sheep,left,t15,t15,t18,1,7758,2019-04-12,MM,keep,M,2015-03-17,4.073972602739726,TRUE,dis_novelty
190412_12_nov,4,dis_novelty,7,Bunny,right,t17,t08,t17,1,7753,2019-04-12,MM,keep,M,2015-03-17,4.073972602739726,TRUE,dis_novelty
190412_12_nov,4,dis_novelty,8,Cat,right,t12,t21,t12,1,5893,2019-04-12,MM,keep,M,2015-03-17,4.073972602739726,TRUE,dis_novelty
190412_12_nov,4,dis_novelty,9,Pig,right,t05,t05,t06,0,6504,2019-04-12,MM,keep,M,2015-03-17,4.073972602739726,TRUE,dis_novelty
190412_12_nov,4,dis_novelty,10,Monkey,left,t02,t22,t02,0,5924,2019-04-12,MM,keep,M,2015-03-17,4.073972602739726,TRUE,dis_novelty
190418_1_nov,4,dis_novelty,1,Tiger,right,t19,t07,t19,1,8894,2019-04-18,MM,keep,F,2014-11-13,4.4301369863013695,TRUE,dis_novelty
190418_1_nov,4,dis_novelty,2,Frog,right,t21,t10,t21,1,7316,2019-04-18,MM,keep,F,2014-11-13,4.4301369863013695,TRUE,dis_novelty
190418_1_nov,4,dis_novelty,3,Sheep,left,t06,t06,t22,1,8666,2019-04-18,MM,keep,F,2014-11-13,4.4301369863013695,TRUE,dis_novelty
190418_1_nov,4,dis_novelty,4,Bear,right,t20,t01,t20,1,5489,2019-04-18,MM,keep,F,2014-11-13,4.4301369863013695,TRUE,dis_novelty
190418_1_nov,4,dis_novelty,5,Bunny,left,t05,t05,t02,1,6246,2019-04-18,MM,keep,F,2014-11-13,4.4301369863013695,TRUE,dis_novelty
190418_2_nov,4,dis_novelty,1,Mouse,right,t01,t03,t01,1,11225,2019-04-18,MM,keep,F,2014-10-25,4.482191780821918,TRUE,dis_novelty
190418_2_nov,4,dis_novelty,2,Tiger,right,t07,t19,t07,1,10302,2019-04-18,MM,keep,F,2014-10-25,4.482191780821918,TRUE,dis_novelty
190418_2_nov,4,dis_novelty,3,Sheep,left,t22,t22,t17,1,7250,2019-04-18,MM,keep,F,2014-10-25,4.482191780821918,TRUE,dis_novelty
190418_2_nov,4,dis_novelty,4,Bear,right,t20,t15,t20,1,6119,2019-04-18,MM,keep,F,2014-10-25,4.482191780821918,TRUE,dis_novelty
190418_2_nov,4,dis_novelty,5,Elephant,right,t21,t04,t21,1,6861,2019-04-18,MM,keep,F,2014-10-25,4.482191780821918,TRUE,dis_novelty
190418_3_nov,2,dis_novelty,1,Cat,left,t06,t06,t12,1,7294,2019-04-18,MM,keep,M,2016-10-16,2.504109589041096,TRUE,dis_novelty
190418_3_nov,2,dis_novelty,2,Monkey,left,t08,t08,t20,1,6557,2019-04-18,MM,keep,M,2016-10-16,2.504109589041096,TRUE,dis_novelty
190418_3_nov,2,dis_novelty,3,Dog,left,t04,t04,t21,1,6980,2019-04-18,MM,keep,M,2016-10-16,2.504109589041096,TRUE,dis_novelty
190418_3_nov,2,dis_novelty,4,Bunny,right,t02,t02,t22,0,6660,2019-04-18,MM,keep,M,2016-10-16,2.504109589041096,TRUE,dis_novelty
190418_3_nov,2,dis_novelty,5,Frog,left,t13,t13,t17,1,5881,2019-04-18,MM,keep,M,2016-10-16,2.504109589041096,TRUE,dis_novelty
190418_3_nov,2,dis_novelty,6,Mouse,right,t18,t03,t18,1,6334,2019-04-18,MM,keep,M,2016-10-16,2.504109589041096,TRUE,dis_novelty
190418_3_nov,2,dis_novelty,7,Bear,left,t16,t16,t11,1,5728,2019-04-18,MM,keep,M,2016-10-16,2.504109589041096,TRUE,dis_novelty
190418_3_nov,2,dis_novelty,8,Tiger,right,t19,t05,t19,1,6369,2019-04-18,MM,keep,M,2016-10-16,2.504109589041096,TRUE,dis_novelty
190418_3_nov,2,dis_novelty,9,Sheep,right,t10,t01,t10,1,5839,2019-04-18,MM,keep,M,2016-10-16,2.504109589041096,TRUE,dis_novelty
190418_3_nov,2,dis_novelty,10,Elephant,right,t07,t07,t09,0,6685,2019-04-18,MM,keep,M,2016-10-16,2.504109589041096,TRUE,dis_novelty
190418_4_nov,4,dis_novelty,1,Beaver,right,t18,t04,t18,1,7976,2019-04-18,MM,keep,M,2014-10-15,4.50958904109589,TRUE,dis_novelty
190418_4_nov,4,dis_novelty,2,Dog,right,t19,t12,t19,1,5752,2019-04-18,MM,keep,M,2014-10-15,4.50958904109589,TRUE,dis_novelty
190418_4_nov,4,dis_novelty,3,Frog,left,t05,t05,t13,1,6603,2019-04-18,MM,keep,M,2014-10-15,4.50958904109589,TRUE,dis_novelty
190418_4_nov,4,dis_novelty,4,Tiger,right,t20,t07,t20,1,6499,2019-04-18,MM,keep,M,2014-10-15,4.50958904109589,TRUE,dis_novelty
190418_4_nov,4,dis_novelty,5,Elephant,left,t08,t08,t22,1,5956,2019-04-18,MM,keep,M,2014-10-15,4.50958904109589,TRUE,dis_novelty
190418_4_nov,4,dis_novelty,6,Bear,right,t21,t03,t21,1,5305,2019-04-18,MM,keep,M,2014-10-15,4.50958904109589,TRUE,dis_novelty
190418_4_nov,4,dis_novelty,7,Monkey,left,t14,t14,t11,1,5496,2019-04-18,MM,keep,M,2014-10-15,4.50958904109589,TRUE,dis_novelty
190418_4_nov,4,dis_novelty,8,Cat,left,t09,t09,t16,1,5802,2019-04-18,MM,keep,M,2014-10-15,4.50958904109589,TRUE,dis_novelty
190418_4_nov,4,dis_novelty,9,Mouse,right,t17,t15,t17,1,5898,2019-04-18,MM,keep,M,2014-10-15,4.50958904109589,TRUE,dis_novelty
190418_4_nov,4,dis_novelty,10,Bunny,left,t06,t06,t10,1,7992,2019-04-18,MM,keep,M,2014-10-15,4.50958904109589,TRUE,dis_novelty
190418_5_nov,2,dis_novelty,1,Bunny,left,t21,t01,t21,0,7596,2019-04-18,MM,keep,F,2016-12-22,2.3205479452054796,TRUE,dis_novelty
190418_5_nov,2,dis_novelty,2,Monkey,right,t04,t20,t04,1,7139,2019-04-18,MM,keep,F,2016-12-22,2.3205479452054796,TRUE,dis_novelty
190418_5_nov,2,dis_novelty,3,Pig,right,t22,t14,t22,1,10222,2019-04-18,MM,keep,F,2016-12-22,2.3205479452054796,TRUE,dis_novelty
190418_5_nov,2,dis_novelty,4,Beaver,left,t17,t12,t17,0,9539,2019-04-18,MM,keep,F,2016-12-22,2.3205479452054796,TRUE,dis_novelty
190418_5_nov,2,dis_novelty,5,Frog,right,t19,t11,t19,1,10714,2019-04-18,MM,keep,F,2016-12-22,2.3205479452054796,TRUE,dis_novelty
190418_5_nov,2,dis_novelty,6,Cat,right,t05,t13,t05,1,10742,2019-04-18,MM,keep,F,2016-12-22,2.3205479452054796,TRUE,dis_novelty
190418_5_nov,2,dis_novelty,7,Dog,right,t07,t08,t07,1,6161,2019-04-18,MM,keep,F,2016-12-22,2.3205479452054796,TRUE,dis_novelty
190418_5_nov,2,dis_novelty,8,Sheep,left,t09,t16,t09,0,10772,2019-04-18,MM,keep,F,2016-12-22,2.3205479452054796,TRUE,dis_novelty
190418_5_nov,2,dis_novelty,9,Mouse,left,t06,t15,t06,0,16081,2019-04-18,MM,keep,F,2016-12-22,2.3205479452054796,TRUE,dis_novelty
190418_5_nov,2,dis_novelty,10,Bear,right,t18,t02,t18,1,5089,2019-04-18,MM,keep,F,2016-12-22,2.3205479452054796,TRUE,dis_novelty
190418_6_nov,4,dis_novelty,1,Mouse,right,t08,t01,t08,1,12482,2019-04-18,MM,keep,F,2014-05-13,4.934246575342466,TRUE,dis_novelty
190418_6_nov,4,dis_novelty,2,Sheep,right,t06,t15,t06,1,8097,2019-04-18,MM,keep,F,2014-05-13,4.934246575342466,TRUE,dis_novelty
190418_6_nov,4,dis_novelty,3,Beaver,left,t11,t11,t22,1,9352,2019-04-18,MM,keep,F,2014-05-13,4.934246575342466,TRUE,dis_novelty
190418_6_nov,4,dis_novelty,4,Pig,left,t17,t17,t21,1,8846,2019-04-18,MM,keep,F,2014-05-13,4.934246575342466,TRUE,dis_novelty
190418_6_nov,4,dis_novelty,5,Dog,right,t07,t04,t07,1,6913,2019-04-18,MM,keep,F,2014-05-13,4.934246575342466,TRUE,dis_novelty
190422_1_nov,2,dis_novelty,1,Beaver,left,t01,t15,t01,0,27646,2019-04-22,MM,keep,M,2017-01-03,2.2986301369863016,TRUE,dis_novelty
190422_1_nov,2,dis_novelty,2,Pig,right,t11,t07,t11,1,13103,2019-04-22,MM,keep,M,2017-01-03,2.2986301369863016,TRUE,dis_novelty
190422_1_nov,2,dis_novelty,3,Bunny,right,t10,t10,t17,0,17309,2019-04-22,MM,keep,M,2017-01-03,2.2986301369863016,TRUE,dis_novelty
190422_1_nov,2,dis_novelty,4,Mouse,right,t14,t21,t14,1,23155,2019-04-22,MM,keep,M,2017-01-03,2.2986301369863016,TRUE,dis_novelty
190422_1_nov,2,dis_novelty,5,Dog,left,t13,t20,t13,0,19622,2019-04-22,MM,keep,M,2017-01-03,2.2986301369863016,TRUE,dis_novelty
190422_2_nov,4,dis_novelty,1,Mouse,right,t14,t04,t14,1,23481,2019-04-22,MM,keep,F,2015-03-23,4.0849315068493155,TRUE,dis_novelty
190422_2_nov,4,dis_novelty,2,Monkey,left,t16,t22,t16,0,8688,2019-04-22,MM,keep,F,2015-03-23,4.0849315068493155,TRUE,dis_novelty
190422_2_nov,4,dis_novelty,3,Dog,left,t01,t02,t01,0,7849,2019-04-22,MM,keep,F,2015-03-23,4.0849315068493155,TRUE,dis_novelty
190422_2_nov,4,dis_novelty,4,Bear,right,t15,t06,t15,1,7168,2019-04-22,MM,keep,F,2015-03-23,4.0849315068493155,TRUE,dis_novelty
190422_2_nov,4,dis_novelty,5,Tiger,left,t07,t12,t07,0,8165,2019-04-22,MM,keep,F,2015-03-23,4.0849315068493155,TRUE,dis_novelty
190422_3_nov,3,dis_novelty,1,Bunny,left,t05,t05,t20,1,8126,2019-04-22,MM,keep,M,2016-04-19,3.0082191780821916,TRUE,dis_novelty
190422_3_nov,3,dis_novelty,2,Dog,right,t18,t12,t18,1,6933,2019-04-22,MM,keep,M,2016-04-19,3.0082191780821916,TRUE,dis_novelty
190422_3_nov,3,dis_novelty,3,Sheep,left,t06,t06,t22,1,6437,2019-04-22,MM,keep,M,2016-04-19,3.0082191780821916,TRUE,dis_novelty
190422_3_nov,3,dis_novelty,4,Elephant,right,t09,t03,t09,1,11663,2019-04-22,MM,keep,M,2016-04-19,3.0082191780821916,TRUE,dis_novelty
190422_3_nov,3,dis_novelty,5,Mouse,left,t08,t08,t21,1,6634,2019-04-22,MM,keep,M,2016-04-19,3.0082191780821916,TRUE,dis_novelty
190422_3_nov,3,dis_novelty,6,Pig,right,t04,t04,t19,0,8179,2019-04-22,MM,keep,M,2016-04-19,3.0082191780821916,TRUE,dis_novelty
190422_3_nov,3,dis_novelty,7,Cat,right,t13,t16,t13,1,6414,2019-04-22,MM,keep,M,2016-04-19,3.0082191780821916,TRUE,dis_novelty
190422_3_nov,3,dis_novelty,8,Bear,right,t17,t01,t17,1,7389,2019-04-22,MM,keep,M,2016-04-19,3.0082191780821916,TRUE,dis_novelty
190422_3_nov,3,dis_novelty,9,Beaver,left,t10,t10,t02,1,7284,2019-04-22,MM,keep,M,2016-04-19,3.0082191780821916,TRUE,dis_novelty
190422_3_nov,3,dis_novelty,10,Monkey,right,t11,t11,t15,0,9637,2019-04-22,MM,keep,M,2016-04-19,3.0082191780821916,TRUE,dis_novelty
190422_5_nov,3,dis_novelty,1,Sheep,left,t16,t16,t19,1,24769,2019-04-22,MM,keep,M,2015-09-17,3.5972602739726027,TRUE,dis_novelty
190422_5_nov,3,dis_novelty,2,Elephant,right,t12,t09,t12,1,6415,2019-04-22,MM,keep,M,2015-09-17,3.5972602739726027,TRUE,dis_novelty
190422_5_nov,3,dis_novelty,3,Frog,right,t17,t02,t17,1,6623,2019-04-22,MM,keep,M,2015-09-17,3.5972602739726027,TRUE,dis_novelty
190422_5_nov,3,dis_novelty,4,Mouse,left,t13,t13,t20,1,9192,2019-04-22,MM,keep,M,2015-09-17,3.5972602739726027,TRUE,dis_novelty
190422_5_nov,3,dis_novelty,5,Bunny,left,t15,t15,t18,1,7696,2019-04-22,MM,keep,M,2015-09-17,3.5972602739726027,TRUE,dis_novelty
190422_6_nov,4,dis_novelty,1,Sheep,right,t18,t04,t18,1,6383,2019-04-22,MM,keep,F,2015-02-04,4.213698630136986,TRUE,dis_novelty
190422_6_nov,4,dis_novelty,2,Bunny,left,t05,t05,t15,1,5423,2019-04-22,MM,keep,F,2015-02-04,4.213698630136986,TRUE,dis_novelty
190422_6_nov,4,dis_novelty,3,Frog,left,t11,t11,t17,1,5281,2019-04-22,MM,keep,F,2015-02-04,4.213698630136986,TRUE,dis_novelty
190422_6_nov,4,dis_novelty,4,Bear,left,t22,t22,t20,1,5774,2019-04-22,MM,keep,F,2015-02-04,4.213698630136986,TRUE,dis_novelty
190422_6_nov,4,dis_novelty,5,Beaver,left,t06,t06,t14,1,7790,2019-04-22,MM,keep,F,2015-02-04,4.213698630136986,TRUE,dis_novelty
190422_6_nov,4,dis_novelty,6,Mouse,right,t19,t12,t19,1,6879,2019-04-22,MM,keep,F,2015-02-04,4.213698630136986,TRUE,dis_novelty
190422_6_nov,4,dis_novelty,7,Elephant,left,t01,t01,t07,1,6955,2019-04-22,MM,keep,F,2015-02-04,4.213698630136986,TRUE,dis_novelty
190422_6_nov,4,dis_novelty,8,Pig,left,t16,t16,t02,1,6126,2019-04-22,MM,keep,F,2015-02-04,4.213698630136986,TRUE,dis_novelty
190422_6_nov,4,dis_novelty,9,Tiger,right,t10,t09,t10,1,6615,2019-04-22,MM,keep,F,2015-02-04,4.213698630136986,TRUE,dis_novelty
190422_6_nov,4,dis_novelty,10,Monkey,right,t21,t08,t21,1,5339,2019-04-22,MM,keep,F,2015-02-04,4.213698630136986,TRUE,dis_novelty
190422_7_nov,4,dis_novelty,1,Bear,left,t04,t19,t04,0,11203,2019-04-22,MM,keep,F,2015-02-04,4.213698630136986,TRUE,dis_novelty
190422_7_nov,4,dis_novelty,2,Frog,left,t14,t14,t17,1,8143,2019-04-22,MM,keep,F,2015-02-04,4.213698630136986,TRUE,dis_novelty
190422_7_nov,4,dis_novelty,3,Cat,left,t07,t07,t15,1,7122,2019-04-22,MM,keep,F,2015-02-04,4.213698630136986,TRUE,dis_novelty
190422_7_nov,4,dis_novelty,4,Bunny,right,t20,t20,t13,0,20146,2019-04-22,MM,keep,F,2015-02-04,4.213698630136986,TRUE,dis_novelty
190422_7_nov,4,dis_novelty,5,Sheep,right,t02,t02,t01,0,7860,2019-04-22,MM,keep,F,2015-02-04,4.213698630136986,TRUE,dis_novelty
190422_8_nov,4,dis_novelty,1,Beaver,left,t09,t09,t21,1,7972,2019-04-22,MM,keep,F,2015-01-19,4.257534246575342,TRUE,dis_novelty
190422_8_nov,4,dis_novelty,2,Mouse,right,t22,t14,t22,1,8607,2019-04-22,MM,keep,F,2015-01-19,4.257534246575342,TRUE,dis_novelty
190422_8_nov,4,dis_novelty,3,Bunny,right,t19,t02,t19,1,11178,2019-04-22,MM,keep,F,2015-01-19,4.257534246575342,TRUE,dis_novelty
190422_8_nov,4,dis_novelty,4,Elephant,right,t18,t01,t18,1,7696,2019-04-22,MM,keep,F,2015-01-19,4.257534246575342,TRUE,dis_novelty
190422_8_nov,4,dis_novelty,5,Bear,left,t05,t05,t20,1,7057,2019-04-22,MM,keep,F,2015-01-19,4.257534246575342,TRUE,dis_novelty
190422_9_nov,4,dis_novelty,1,Beaver,right,t07,t07,t05,0,9336,2019-04-22,MM,keep,F,2015-02-01,4.221917808219178,TRUE,dis_novelty
190422_9_nov,4,dis_novelty,2,Sheep,left,t02,t02,t21,1,7284,2019-04-22,MM,keep,F,2015-02-01,4.221917808219178,TRUE,dis_novelty
190422_9_nov,4,dis_novelty,3,Tiger,right,t03,t10,t03,1,7433,2019-04-22,MM,keep,F,2015-02-01,4.221917808219178,TRUE,dis_novelty
190422_9_nov,4,dis_novelty,4,Dog,left,t08,t08,t13,1,5850,2019-04-22,MM,keep,F,2015-02-01,4.221917808219178,TRUE,dis_novelty
190422_9_nov,4,dis_novelty,5,Monkey,right,t20,t15,t20,1,5239,2019-04-22,MM,keep,F,2015-02-01,4.221917808219178,TRUE,dis_novelty
190422_9_nov,4,dis_novelty,6,Cat,left,t12,t12,t14,1,5902,2019-04-22,MM,keep,F,2015-02-01,4.221917808219178,TRUE,dis_novelty
190422_9_nov,4,dis_novelty,7,Bear,left,t09,t09,t11,1,5340,2019-04-22,MM,keep,F,2015-02-01,4.221917808219178,TRUE,dis_novelty
190422_9_nov,4,dis_novelty,8,Elephant,right,t17,t18,t17,1,5972,2019-04-22,MM,keep,F,2015-02-01,4.221917808219178,TRUE,dis_novelty
190422_9_nov,4,dis_novelty,9,Frog,right,t01,t06,t01,1,7081,2019-04-22,MM,keep,F,2015-02-01,4.221917808219178,TRUE,dis_novelty
190422_9_nov,4,dis_novelty,10,Pig,right,t19,t04,t19,1,5650,2019-04-22,MM,keep,F,2015-02-01,4.221917808219178,TRUE,dis_novelty
190422_10_nov,3,dis_novelty,1,Pig,right,t13,t02,t13,1,22172,2019-04-22,MM,keep,M,2015-08-17,3.682191780821918,TRUE,dis_novelty
190422_10_nov,3,dis_novelty,2,Beaver,right,t07,t05,t07,1,7986,2019-04-22,MM,keep,M,2015-08-17,3.682191780821918,TRUE,dis_novelty
190422_10_nov,3,dis_novelty,3,Elephant,left,t10,t10,t12,1,20805,2019-04-22,MM,keep,M,2015-08-17,3.682191780821918,TRUE,dis_novelty
190422_10_nov,3,dis_novelty,4,Frog,left,t16,t04,t16,0,15275,2019-04-22,MM,keep,M,2015-08-17,3.682191780821918,TRUE,dis_novelty
190422_10_nov,3,dis_novelty,5,Cat,right,t21,t03,t21,1,5096,2019-04-22,MM,keep,M,2015-08-17,3.682191780821918,TRUE,dis_novelty
190422_11_nov,4,dis_novelty,1,Sheep,right,t19,t15,t19,1,7853,2019-04-22,MM,keep,F,2014-11-13,4.441095890410959,TRUE,dis_novelty
190422_11_nov,4,dis_novelty,2,Pig,right,t14,t05,t14,1,7039,2019-04-22,MM,keep,F,2014-11-13,4.441095890410959,TRUE,dis_novelty
190422_11_nov,4,dis_novelty,3,Frog,right,t22,t12,t22,1,5768,2019-04-22,MM,keep,F,2014-11-13,4.441095890410959,TRUE,dis_novelty
190422_11_nov,4,dis_novelty,4,Beaver,left,t16,t16,t18,1,6712,2019-04-22,MM,keep,F,2014-11-13,4.441095890410959,TRUE,dis_novelty
190422_11_nov,4,dis_novelty,5,Elephant,left,t10,t10,t20,1,5507,2019-04-22,MM,keep,F,2014-11-13,4.441095890410959,TRUE,dis_novelty
190422_12_nov,3,dis_novelty,1,Tiger,right,t06,t10,t06,1,7710,2019-04-22,MM,keep,F,2015-08-26,3.6575342465753424,TRUE,dis_novelty
190422_12_nov,3,dis_novelty,2,Mouse,left,t18,t09,t18,0,9802,2019-04-22,MM,keep,F,2015-08-26,3.6575342465753424,TRUE,dis_novelty
190422_12_nov,3,dis_novelty,3,Pig,left,t22,t02,t22,0,6677,2019-04-22,MM,keep,F,2015-08-26,3.6575342465753424,TRUE,dis_novelty
190422_12_nov,3,dis_novelty,4,Monkey,left,t08,t08,t12,1,6621,2019-04-22,MM,keep,F,2015-08-26,3.6575342465753424,TRUE,dis_novelty
190422_12_nov,3,dis_novelty,5,Elephant,left,t05,t15,t05,0,7137,2019-04-22,MM,keep,F,2015-08-26,3.6575342465753424,TRUE,dis_novelty
190422_12_nov,3,dis_novelty,6,Bunny,left,t14,t07,t14,0,8767,2019-04-22,MM,keep,F,2015-08-26,3.6575342465753424,TRUE,dis_novelty
190422_12_nov,3,dis_novelty,7,Cat,left,t04,t04,t16,1,7330,2019-04-22,MM,keep,F,2015-08-26,3.6575342465753424,TRUE,dis_novelty
190422_12_nov,3,dis_novelty,8,Dog,right,t21,t01,t21,1,8457,2019-04-22,MM,keep,F,2015-08-26,3.6575342465753424,TRUE,dis_novelty
190422_12_nov,3,dis_novelty,9,Bear,right,t13,t11,t13,1,8079,2019-04-22,MM,keep,F,2015-08-26,3.6575342465753424,TRUE,dis_novelty
190422_12_nov,3,dis_novelty,10,Frog,right,t03,t19,t03,1,7167,2019-04-22,MM,keep,F,2015-08-26,3.6575342465753424,TRUE,dis_novelty
190425_1_nov,4,dis_novelty,1,Beaver,left,t13,t13,t20,1,13683,2019-04-25,MM,keep,F,2015-03-24,4.090410958904109,TRUE,dis_novelty
190425_1_nov,4,dis_novelty,2,Bear,right,t12,t12,t07,0,9322,2019-04-25,MM,keep,F,2015-03-24,4.090410958904109,TRUE,dis_novelty
190425_1_nov,4,dis_novelty,3,Cat,left,t04,t04,t22,1,7166,2019-04-25,MM,keep,F,2015-03-24,4.090410958904109,TRUE,dis_novelty
190425_1_nov,4,dis_novelty,4,Dog,left,t01,t01,t18,1,6929,2019-04-25,MM,keep,F,2015-03-24,4.090410958904109,TRUE,dis_novelty
190425_1_nov,4,dis_novelty,5,Bunny,right,t11,t03,t11,1,6067,2019-04-25,MM,keep,F,2015-03-24,4.090410958904109,TRUE,dis_novelty
190425_2_nov,3,dis_novelty,1,Elephant,left,t21,t04,t21,0,10311,2019-04-25,MM,keep,F,2016-02-11,3.202739726027397,TRUE,dis_novelty
190425_2_nov,3,dis_novelty,2,Tiger,right,t05,t07,t05,1,5796,2019-04-25,MM,keep,F,2016-02-11,3.202739726027397,TRUE,dis_novelty
190425_2_nov,3,dis_novelty,3,Mouse,right,t06,t03,t06,1,5510,2019-04-25,MM,keep,F,2016-02-11,3.202739726027397,TRUE,dis_novelty
190425_2_nov,3,dis_novelty,4,Frog,right,t19,t02,t19,1,7670,2019-04-25,MM,keep,F,2016-02-11,3.202739726027397,TRUE,dis_novelty
190425_2_nov,3,dis_novelty,5,Sheep,left,t20,t12,t20,0,6079,2019-04-25,MM,keep,F,2016-02-11,3.202739726027397,TRUE,dis_novelty
190425_2_nov,3,dis_novelty,6,Monkey,left,t13,t13,t22,1,5804,2019-04-25,MM,keep,F,2016-02-11,3.202739726027397,TRUE,dis_novelty
190425_2_nov,3,dis_novelty,7,Pig,left,t01,t01,t17,1,6354,2019-04-25,MM,keep,F,2016-02-11,3.202739726027397,TRUE,dis_novelty
190425_2_nov,3,dis_novelty,8,Bunny,left,t14,t14,t16,1,7119,2019-04-25,MM,keep,F,2016-02-11,3.202739726027397,TRUE,dis_novelty
190425_2_nov,3,dis_novelty,9,Dog,right,t18,t09,t18,1,5050,2019-04-25,MM,keep,F,2016-02-11,3.202739726027397,TRUE,dis_novelty
190425_2_nov,3,dis_novelty,10,Bear,right,t08,t11,t08,1,5861,2019-04-25,MM,keep,F,2016-02-11,3.202739726027397,TRUE,dis_novelty
190425_3_nov,3,dis_novelty,1,Cat,left,t16,t16,t15,1,9429,2019-04-25,MM,keep,F,2016-04-12,3.0356164383561643,TRUE,dis_novelty
190425_3_nov,3,dis_novelty,2,Mouse,right,t01,t09,t01,1,6725,2019-04-25,MM,keep,F,2016-04-12,3.0356164383561643,TRUE,dis_novelty
190425_3_nov,3,dis_novelty,3,Pig,left,t02,t12,t02,0,7496,2019-04-25,MM,keep,F,2016-04-12,3.0356164383561643,TRUE,dis_novelty
190425_3_nov,3,dis_novelty,4,Bunny,left,t03,t03,t07,1,5934,2019-04-25,MM,keep,F,2016-04-12,3.0356164383561643,TRUE,dis_novelty
190425_3_nov,3,dis_novelty,5,Beaver,right,t05,t18,t05,1,6764,2019-04-25,MM,keep,F,2016-04-12,3.0356164383561643,TRUE,dis_novelty
190425_4_nov,3,dis_novelty,1,Bunny,left,t02,t02,t22,1,6349,2019-04-25,MM,keep,F,2016-04-17,3.021917808219178,TRUE,dis_novelty
190425_4_nov,3,dis_novelty,2,Monkey,right,t21,t01,t21,1,8101,2019-04-25,MM,keep,F,2016-04-17,3.021917808219178,TRUE,dis_novelty
190425_4_nov,3,dis_novelty,3,Sheep,right,t19,t04,t19,1,7037,2019-04-25,MM,keep,F,2016-04-17,3.021917808219178,TRUE,dis_novelty
190425_4_nov,3,dis_novelty,4,Bear,left,t16,t16,t09,1,6611,2019-04-25,MM,keep,F,2016-04-17,3.021917808219178,TRUE,dis_novelty
190425_4_nov,3,dis_novelty,5,Tiger,left,t05,t05,t20,1,7680,2019-04-25,MM,keep,F,2016-04-17,3.021917808219178,TRUE,dis_novelty
190425_4_nov,3,dis_novelty,6,Beaver,left,t03,t03,t12,1,8346,2019-04-25,MM,keep,F,2016-04-17,3.021917808219178,TRUE,dis_novelty
190425_4_nov,3,dis_novelty,7,Pig,left,t10,t10,t11,1,8716,2019-04-25,MM,keep,F,2016-04-17,3.021917808219178,TRUE,dis_novelty
190425_4_nov,3,dis_novelty,8,Frog,right,t08,t13,t08,1,8905,2019-04-25,MM,keep,F,2016-04-17,3.021917808219178,TRUE,dis_novelty
190425_4_nov,3,dis_novelty,9,Dog,right,t17,t14,t17,1,6401,2019-04-25,MM,keep,F,2016-04-17,3.021917808219178,TRUE,dis_novelty
190425_4_nov,3,dis_novelty,10,Mouse,right,t18,t07,t18,1,7533,2019-04-25,MM,keep,F,2016-04-17,3.021917808219178,TRUE,dis_novelty
190425_5_nov,4,dis_novelty,1,Mouse,left,t10,t10,t02,1,11846,2019-04-25,MM,keep,M,2015-01-10,4.2904109589041095,TRUE,dis_novelty
190425_5_nov,4,dis_novelty,2,Beaver,right,t17,t15,t17,1,11694,2019-04-25,MM,keep,M,2015-01-10,4.2904109589041095,TRUE,dis_novelty
190425_5_nov,4,dis_novelty,3,Frog,right,t05,t13,t05,1,7029,2019-04-25,MM,keep,M,2015-01-10,4.2904109589041095,TRUE,dis_novelty
190425_5_nov,4,dis_novelty,4,Elephant,right,t20,t11,t20,1,7509,2019-04-25,MM,keep,M,2015-01-10,4.2904109589041095,TRUE,dis_novelty
190425_5_nov,4,dis_novelty,5,Cat,left,t14,t14,t08,1,7986,2019-04-25,MM,keep,M,2015-01-10,4.2904109589041095,TRUE,dis_novelty
190425_5_nov,4,dis_novelty,6,Bear,right,t07,t12,t07,1,6477,2019-04-25,MM,keep,M,2015-01-10,4.2904109589041095,TRUE,dis_novelty
190425_5_nov,4,dis_novelty,7,Monkey,right,t22,t16,t22,1,5643,2019-04-25,MM,keep,M,2015-01-10,4.2904109589041095,TRUE,dis_novelty
190425_5_nov,4,dis_novelty,8,Bunny,right,t21,t06,t21,1,6137,2019-04-25,MM,keep,M,2015-01-10,4.2904109589041095,TRUE,dis_novelty
190425_5_nov,4,dis_novelty,9,Pig,left,t18,t18,t01,1,9803,2019-04-25,MM,keep,M,2015-01-10,4.2904109589041095,TRUE,dis_novelty
190425_5_nov,4,dis_novelty,10,Sheep,left,t04,t04,t19,1,8785,2019-04-25,MM,keep,M,2015-01-10,4.2904109589041095,TRUE,dis_novelty
190425_6_nov,3,dis_novelty,1,Beaver,left,t04,t04,t18,1,10086,2019-04-25,MM,keep,F,2015-06-25,3.835616438356164,TRUE,dis_novelty
190425_6_nov,3,dis_novelty,2,Bunny,right,t02,t13,t02,1,21337,2019-04-25,MM,keep,F,2015-06-25,3.835616438356164,TRUE,dis_novelty
190425_6_nov,3,dis_novelty,3,Dog,left,t17,t17,t10,1,6655,2019-04-25,MM,keep,F,2015-06-25,3.835616438356164,TRUE,dis_novelty
190425_6_nov,3,dis_novelty,4,Cat,left,t14,t14,t08,1,6616,2019-04-25,MM,keep,F,2015-06-25,3.835616438356164,TRUE,dis_novelty
190425_6_nov,3,dis_novelty,5,Tiger,right,t15,t03,t15,1,6951,2019-04-25,MM,keep,F,2015-06-25,3.835616438356164,TRUE,dis_novelty
190425_6_nov,3,dis_novelty,6,Sheep,left,t05,t05,t01,1,7350,2019-04-25,MM,keep,F,2015-06-25,3.835616438356164,TRUE,dis_novelty
190425_6_nov,3,dis_novelty,7,Frog,right,t21,t09,t21,1,7045,2019-04-25,MM,keep,F,2015-06-25,3.835616438356164,TRUE,dis_novelty
190425_6_nov,3,dis_novelty,8,Pig,left,t06,t06,t20,1,6611,2019-04-25,MM,keep,F,2015-06-25,3.835616438356164,TRUE,dis_novelty
190425_6_nov,3,dis_novelty,9,Bear,right,t16,t22,t16,1,5681,2019-04-25,MM,keep,F,2015-06-25,3.835616438356164,TRUE,dis_novelty
190425_6_nov,3,dis_novelty,10,Monkey,right,t19,t07,t19,1,5616,2019-04-25,MM,keep,F,2015-06-25,3.835616438356164,TRUE,dis_novelty
190425_7_nov,4,dis_novelty,1,Pig,right,t21,t03,t21,1,11724,2019-04-25,MM,keep,F,2014-05-21,4.931506849315069,TRUE,dis_novelty
190425_7_nov,4,dis_novelty,2,Tiger,right,t10,t10,t06,0,9402,2019-04-25,MM,keep,F,2014-05-21,4.931506849315069,TRUE,dis_novelty
190425_7_nov,4,dis_novelty,3,Bunny,right,t07,t07,t01,0,8365,2019-04-25,MM,keep,F,2014-05-21,4.931506849315069,TRUE,dis_novelty
190425_7_nov,4,dis_novelty,4,Dog,left,t04,t04,t11,1,10114,2019-04-25,MM,keep,F,2014-05-21,4.931506849315069,TRUE,dis_novelty
190425_7_nov,4,dis_novelty,5,Frog,left,t18,t08,t18,0,10103,2019-04-25,MM,keep,F,2014-05-21,4.931506849315069,TRUE,dis_novelty
190425_7_nov,4,dis_novelty,6,Mouse,right,t05,t05,t19,0,10411,2019-04-25,MM,keep,F,2014-05-21,4.931506849315069,TRUE,dis_novelty
190425_7_nov,4,dis_novelty,7,Cat,left,t09,t09,t12,1,11155,2019-04-25,MM,keep,F,2014-05-21,4.931506849315069,TRUE,dis_novelty
190425_7_nov,4,dis_novelty,8,Bear,right,t16,t16,t17,0,9973,2019-04-25,MM,keep,F,2014-05-21,4.931506849315069,TRUE,dis_novelty
190425_7_nov,4,dis_novelty,9,Sheep,left,t15,t14,t15,0,8192,2019-04-25,MM,keep,F,2014-05-21,4.931506849315069,TRUE,dis_novelty
190425_7_nov,4,dis_novelty,10,Elephant,left,t02,t02,t20,1,10952,2019-04-25,MM,keep,F,2014-05-21,4.931506849315069,TRUE,dis_novelty
190425_8_nov,2,dis_novelty,1,Tiger,left,t22,t04,t22,0,10352,2019-04-25,MM,keep,F,2017-01-13,2.2794520547945205,TRUE,dis_novelty
190425_8_nov,2,dis_novelty,2,Frog,right,t11,t03,t11,1,8038,2019-04-25,MM,keep,F,2017-01-13,2.2794520547945205,TRUE,dis_novelty
190425_8_nov,2,dis_novelty,3,Pig,right,t14,t01,t14,1,6477,2019-04-25,MM,keep,F,2017-01-13,2.2794520547945205,TRUE,dis_novelty
190425_8_nov,2,dis_novelty,4,Cat,left,t18,t15,t18,0,14673,2019-04-25,MM,keep,F,2017-01-13,2.2794520547945205,TRUE,dis_novelty
190425_8_nov,2,dis_novelty,5,Sheep,left,t21,t02,t21,0,8522,2019-04-25,MM,keep,F,2017-01-13,2.2794520547945205,TRUE,dis_novelty
190425_9_nov,3,dis_novelty,1,Frog,right,t06,t12,t06,1,7378,2019-04-25,MM,keep,F,2015-08-03,3.728767123287671,TRUE,dis_novelty
190425_9_nov,3,dis_novelty,2,Mouse,right,t15,t10,t15,1,6803,2019-04-25,MM,keep,F,2015-08-03,3.728767123287671,TRUE,dis_novelty
190425_9_nov,3,dis_novelty,3,Bear,left,t11,t11,t17,1,8751,2019-04-25,MM,keep,F,2015-08-03,3.728767123287671,TRUE,dis_novelty
190425_9_nov,3,dis_novelty,4,Dog,left,t16,t16,t05,1,11149,2019-04-25,MM,keep,F,2015-08-03,3.728767123287671,TRUE,dis_novelty
190425_9_nov,3,dis_novelty,5,Beaver,right,t01,t01,t07,0,32263,2019-04-25,MM,keep,F,2015-08-03,3.728767123287671,TRUE,dis_novelty
190425_9_nov,3,dis_novelty,6,Cat,right,t03,t20,t03,1,10359,2019-04-25,MM,keep,F,2015-08-03,3.728767123287671,TRUE,dis_novelty
190425_9_nov,3,dis_novelty,7,Sheep,left,t02,t02,t14,1,8432,2019-04-25,MM,keep,F,2015-08-03,3.728767123287671,TRUE,dis_novelty
190425_9_nov,3,dis_novelty,8,Tiger,right,t09,t18,t09,1,6736,2019-04-25,MM,keep,F,2015-08-03,3.728767123287671,TRUE,dis_novelty
190425_9_nov,3,dis_novelty,9,Pig,left,t13,t13,t08,1,7286,2019-04-25,MM,keep,F,2015-08-03,3.728767123287671,TRUE,dis_novelty
190425_9_nov,3,dis_novelty,10,Bunny,left,t19,t19,t21,1,6955,2019-04-25,MM,keep,F,2015-08-03,3.728767123287671,TRUE,dis_novelty
190425_10_nov,3,dis_novelty,1,Bunny,right,t13,t02,t13,1,13065,2019-04-25,MM,keep,M,2016-01-25,3.249315068493151,TRUE,dis_novelty
190425_10_nov,3,dis_novelty,2,Bear,left,t03,t03,t18,1,15569,2019-04-25,MM,keep,M,2016-01-25,3.249315068493151,TRUE,dis_novelty
190425_10_nov,3,dis_novelty,3,Beaver,right,t22,t06,t22,1,7327,2019-04-25,MM,keep,M,2016-01-25,3.249315068493151,TRUE,dis_novelty
190425_10_nov,3,dis_novelty,4,Elephant,left,t09,t09,t08,1,7646,2019-04-25,MM,keep,M,2016-01-25,3.249315068493151,TRUE,dis_novelty
190425_10_nov,3,dis_novelty,5,Frog,left,t05,t05,t21,1,11171,2019-04-25,MM,keep,M,2016-01-25,3.249315068493151,TRUE,dis_novelty
190425_10_nov,3,dis_novelty,6,Cat,left,t15,t07,t15,0,10109,2019-04-25,MM,keep,M,2016-01-25,3.249315068493151,TRUE,dis_novelty
190425_10_nov,3,dis_novelty,7,Mouse,left,t16,t16,t19,1,10169,2019-04-25,MM,keep,M,2016-01-25,3.249315068493151,TRUE,dis_novelty
190425_10_nov,3,dis_novelty,8,Dog,right,t01,t11,t01,1,14714,2019-04-25,MM,keep,M,2016-01-25,3.249315068493151,TRUE,dis_novelty
190425_10_nov,3,dis_novelty,9,Pig,left,t20,t14,t20,0,16732,2019-04-25,MM,keep,M,2016-01-25,3.249315068493151,TRUE,dis_novelty
190425_10_nov,3,dis_novelty,10,Tiger,right,t04,t04,t17,0,14118,2019-04-25,MM,keep,M,2016-01-25,3.249315068493151,TRUE,dis_novelty
190425_11_nov,2,dis_novelty,1,Dog,left,t15,t13,t15,0,29751,2019-04-25,MM,keep,F,2017-03-17,2.106849315068493,TRUE,dis_novelty
190425_11_nov,2,dis_novelty,2,Bear,right,t06,t12,t06,1,8438,2019-04-25,MM,keep,F,2017-03-17,2.106849315068493,TRUE,dis_novelty
190425_11_nov,2,dis_novelty,3,Elephant,left,t10,t11,t10,0,7874,2019-04-25,MM,keep,F,2017-03-17,2.106849315068493,TRUE,dis_novelty
190425_11_nov,2,dis_novelty,4,Cat,right,t16,t21,t16,1,7548,2019-04-25,MM,keep,F,2017-03-17,2.106849315068493,TRUE,dis_novelty
190425_11_nov,2,dis_novelty,5,Monkey,right,t19,t18,t19,1,9011,2019-04-25,MM,keep,F,2017-03-17,2.106849315068493,TRUE,dis_novelty
190425_11_nov,2,dis_novelty,6,Beaver,left,t07,t14,t07,0,7190,2019-04-25,MM,keep,F,2017-03-17,2.106849315068493,TRUE,dis_novelty
190425_11_nov,2,dis_novelty,7,Sheep,left,t20,t09,t20,0,6802,2019-04-25,MM,keep,F,2017-03-17,2.106849315068493,TRUE,dis_novelty
190425_11_nov,2,dis_novelty,8,Tiger,left,t02,t04,t02,0,5361,2019-04-25,MM,keep,F,2017-03-17,2.106849315068493,TRUE,dis_novelty
190425_11_nov,2,dis_novelty,9,Mouse,right,t05,t22,t05,1,6459,2019-04-25,MM,keep,F,2017-03-17,2.106849315068493,TRUE,dis_novelty
190425_11_nov,2,dis_novelty,10,Pig,right,t08,t03,t08,1,5373,2019-04-25,MM,keep,F,2017-03-17,2.106849315068493,TRUE,dis_novelty
190425_12_nov,3,dis_novelty,1,Beaver,right,t13,t03,t13,1,9022,2019-04-25,MM,keep,M,2015-06-03,3.8958904109589043,TRUE,dis_novelty
190425_12_nov,3,dis_novelty,2,Monkey,left,t18,t19,t18,0,6674,2019-04-25,MM,keep,M,2015-06-03,3.8958904109589043,TRUE,dis_novelty
190425_12_nov,3,dis_novelty,3,Cat,right,t02,t04,t02,1,7057,2019-04-25,MM,keep,M,2015-06-03,3.8958904109589043,TRUE,dis_novelty
190425_12_nov,3,dis_novelty,4,Dog,left,t09,t05,t09,0,5238,2019-04-25,MM,keep,M,2015-06-03,3.8958904109589043,TRUE,dis_novelty
190425_12_nov,3,dis_novelty,5,Bunny,left,t12,t14,t12,0,7173,2019-04-25,MM,keep,M,2015-06-03,3.8958904109589043,TRUE,dis_novelty
190501_2_nov,2,dis_novelty,1,Sheep,right,t12,t12,t21,0,7430,2019-05-01,MM,keep,M,2016-08-30,2.6684931506849314,TRUE,dis_novelty
190501_2_nov,2,dis_novelty,2,Monkey,left,t17,t10,t17,0,10398,2019-05-01,MM,keep,M,2016-08-30,2.6684931506849314,TRUE,dis_novelty
190501_2_nov,2,dis_novelty,3,Bunny,right,t18,t02,t18,1,7918,2019-05-01,MM,keep,M,2016-08-30,2.6684931506849314,TRUE,dis_novelty
190501_2_nov,2,dis_novelty,4,Cat,right,t22,t16,t22,1,9706,2019-05-01,MM,keep,M,2016-08-30,2.6684931506849314,TRUE,dis_novelty
190501_2_nov,2,dis_novelty,5,Tiger,right,t20,t05,t20,1,7988,2019-05-01,MM,keep,M,2016-08-30,2.6684931506849314,TRUE,dis_novelty
190501_2_nov,2,dis_novelty,6,Dog,left,t19,t06,t19,0,6590,2019-05-01,MM,keep,M,2016-08-30,2.6684931506849314,TRUE,dis_novelty
190501_2_nov,2,dis_novelty,7,Bear,left,t09,t09,t03,1,6245,2019-05-01,MM,keep,M,2016-08-30,2.6684931506849314,TRUE,dis_novelty
190501_2_nov,2,dis_novelty,8,Elephant,right,t14,t08,t14,1,6223,2019-05-01,MM,keep,M,2016-08-30,2.6684931506849314,TRUE,dis_novelty
190501_2_nov,2,dis_novelty,9,Frog,left,t11,t15,t11,0,7239,2019-05-01,MM,keep,M,2016-08-30,2.6684931506849314,TRUE,dis_novelty
190501_2_nov,2,dis_novelty,10,Beaver,left,t07,t07,t13,1,7764,2019-05-01,MM,keep,M,2016-08-30,2.6684931506849314,TRUE,dis_novelty
190502_1_nov,3,dis_novelty,1,Bear,right,t15,t03,t15,1,7466,2019-05-02,MM,keep,F,2016-04-24,3.021917808219178,TRUE,dis_novelty
190502_1_nov,3,dis_novelty,2,Bunny,left,t05,t05,t13,1,7431,2019-05-02,MM,keep,F,2016-04-24,3.021917808219178,TRUE,dis_novelty
190502_1_nov,3,dis_novelty,3,Frog,right,t14,t02,t14,1,9641,2019-05-02,MM,keep,F,2016-04-24,3.021917808219178,TRUE,dis_novelty
190502_1_nov,3,dis_novelty,4,Cat,left,t07,t07,t04,1,6636,2019-05-02,MM,keep,F,2016-04-24,3.021917808219178,TRUE,dis_novelty
190502_1_nov,3,dis_novelty,5,Dog,right,t09,t11,t09,1,7454,2019-05-02,MM,keep,F,2016-04-24,3.021917808219178,TRUE,dis_novelty
190502_2_nov,3,dis_novelty,1,Dog,left,t17,t11,t17,0,8481,2019-05-02,MM,keep,F,2016-04-24,3.021917808219178,TRUE,dis_novelty
190502_2_nov,3,dis_novelty,2,Mouse,right,t04,t04,t21,0,9357,2019-05-02,MM,keep,F,2016-04-24,3.021917808219178,TRUE,dis_novelty
190502_2_nov,3,dis_novelty,3,Bunny,right,t03,t03,t13,0,7115,2019-05-02,MM,keep,F,2016-04-24,3.021917808219178,TRUE,dis_novelty
190502_2_nov,3,dis_novelty,4,Pig,right,t01,t01,t22,0,7955,2019-05-02,MM,keep,F,2016-04-24,3.021917808219178,TRUE,dis_novelty
190502_2_nov,3,dis_novelty,5,Bear,right,t09,t09,t07,0,17492,2019-05-02,MM,keep,F,2016-04-24,3.021917808219178,TRUE,dis_novelty
190502_3_nov,2,dis_novelty,1,Sheep,left,t15,t15,t09,1,8386,2019-05-02,MM,keep,M,2016-08-18,2.7041095890410958,TRUE,dis_novelty
190502_3_nov,2,dis_novelty,2,Monkey,right,t02,t07,t02,1,13881,2019-05-02,MM,keep,M,2016-08-18,2.7041095890410958,TRUE,dis_novelty
190502_3_nov,2,dis_novelty,3,Mouse,left,t01,t21,t01,0,7299,2019-05-02,MM,keep,M,2016-08-18,2.7041095890410958,TRUE,dis_novelty
190502_3_nov,2,dis_novelty,4,Beaver,left,t20,t16,t20,0,6435,2019-05-02,MM,keep,M,2016-08-18,2.7041095890410958,TRUE,dis_novelty
190502_3_nov,2,dis_novelty,5,Cat,left,t05,t22,t05,0,6893,2019-05-02,MM,keep,M,2016-08-18,2.7041095890410958,TRUE,dis_novelty
190502_4_nov,2,dis_novelty,1,Mouse,right,t12,t12,t19,0,6034,2019-05-02,MM,keep,M,2016-08-30,2.671232876712329,TRUE,dis_novelty
190502_4_nov,2,dis_novelty,2,Pig,right,t18,t18,t21,0,6528,2019-05-02,MM,keep,M,2016-08-30,2.671232876712329,TRUE,dis_novelty
190502_4_nov,2,dis_novelty,3,Bear,right,t02,t14,t02,1,11494,2019-05-02,MM,keep,M,2016-08-30,2.671232876712329,TRUE,dis_novelty
190502_4_nov,2,dis_novelty,4,Cat,left,t01,t15,t01,0,5175,2019-05-02,MM,keep,M,2016-08-30,2.671232876712329,TRUE,dis_novelty
190502_4_nov,2,dis_novelty,5,Sheep,left,t22,t06,t22,0,7563,2019-05-02,MM,keep,M,2016-08-30,2.671232876712329,TRUE,dis_novelty
190502_6_nov,2,dis_novelty,1,Tiger,left,t22,t01,t22,0,12499,2019-05-02,MM,keep,F,2016-12-28,2.3424657534246576,TRUE,dis_novelty
190502_6_nov,2,dis_novelty,2,Pig,left,t19,t04,t19,0,9708,2019-05-02,MM,keep,F,2016-12-28,2.3424657534246576,TRUE,dis_novelty
190502_6_nov,2,dis_novelty,3,Monkey,left,t21,t07,t21,0,11216,2019-05-02,MM,keep,F,2016-12-28,2.3424657534246576,TRUE,dis_novelty
190502_6_nov,2,dis_novelty,4,Beaver,right,t20,t03,t20,1,10423,2019-05-02,MM,keep,F,2016-12-28,2.3424657534246576,TRUE,dis_novelty
190502_6_nov,2,dis_novelty,5,Bunny,right,t17,t09,t17,1,17760,2019-05-02,MM,keep,F,2016-12-28,2.3424657534246576,TRUE,dis_novelty
190502_7_nov,2,dis_novelty,1,Sheep,left,t22,t12,t22,0,23177,2019-05-02,MM,keep,M,2017-04-26,2.0164383561643837,TRUE,dis_novelty
190502_7_nov,2,dis_novelty,2,Bear,left,t15,t02,t15,0,10289,2019-05-02,MM,keep,M,2017-04-26,2.0164383561643837,TRUE,dis_novelty
190502_7_nov,2,dis_novelty,3,Elephant,right,t10,t10,t03,0,12721,2019-05-02,MM,keep,M,2017-04-26,2.0164383561643837,TRUE,dis_novelty
190502_7_nov,2,dis_novelty,4,Mouse,right,t18,t13,t18,1,13645,2019-05-02,MM,keep,M,2017-04-26,2.0164383561643837,TRUE,dis_novelty
190502_7_nov,2,dis_novelty,5,Bunny,left,t16,t01,t16,0,10208,2019-05-02,MM,keep,M,2017-04-26,2.0164383561643837,TRUE,dis_novelty
190502_7_nov,2,dis_novelty,6,Cat,right,t09,t05,t09,1,12290,2019-05-02,MM,keep,M,2017-04-26,2.0164383561643837,TRUE,dis_novelty
190502_7_nov,2,dis_novelty,7,Frog,right,t21,t14,t21,1,12866,2019-05-02,MM,keep,M,2017-04-26,2.0164383561643837,TRUE,dis_novelty
190502_7_nov,2,dis_novelty,8,Tiger,right,t06,t11,t06,1,7543,2019-05-02,MM,keep,M,2017-04-26,2.0164383561643837,TRUE,dis_novelty
190502_7_nov,2,dis_novelty,9,Beaver,right,t17,t07,t17,1,12107,2019-05-02,MM,keep,M,2017-04-26,2.0164383561643837,TRUE,dis_novelty
190502_7_nov,2,dis_novelty,10,Dog,left,t20,t08,t20,0,10394,2019-05-02,MM,keep,M,2017-04-26,2.0164383561643837,TRUE,dis_novelty
190502_9_nov,2,dis_novelty,1,Pig,right,t13,t06,t13,1,7238,2019-05-02,MM,keep,M,2016-10-08,2.5643835616438357,TRUE,dis_novelty
190502_9_nov,2,dis_novelty,2,Bunny,left,t03,t04,t03,0,8815,2019-05-02,MM,keep,M,2016-10-08,2.5643835616438357,TRUE,dis_novelty
190502_9_nov,2,dis_novelty,3,Dog,right,t11,t11,t21,0,7579,2019-05-02,MM,keep,M,2016-10-08,2.5643835616438357,TRUE,dis_novelty
190502_9_nov,2,dis_novelty,4,Mouse,left,t14,t14,t10,1,6511,2019-05-02,MM,keep,M,2016-10-08,2.5643835616438357,TRUE,dis_novelty
190502_9_nov,2,dis_novelty,5,Frog,right,t08,t08,t17,0,6780,2019-05-02,MM,keep,M,2016-10-08,2.5643835616438357,TRUE,dis_novelty
190502_9_nov,2,dis_novelty,6,Monkey,right,t22,t05,t22,1,6276,2019-05-02,MM,keep,M,2016-10-08,2.5643835616438357,TRUE,dis_novelty
190502_9_nov,2,dis_novelty,7,Sheep,left,t15,t15,t19,1,6324,2019-05-02,MM,keep,M,2016-10-08,2.5643835616438357,TRUE,dis_novelty
190502_9_nov,2,dis_novelty,8,Cat,right,t02,t02,t20,0,9229,2019-05-02,MM,keep,M,2016-10-08,2.5643835616438357,TRUE,dis_novelty
190502_9_nov,2,dis_novelty,9,Beaver,left,t18,t12,t18,0,9735,2019-05-02,MM,keep,M,2016-10-08,2.5643835616438357,TRUE,dis_novelty
190502_9_nov,2,dis_novelty,10,Tiger,right,t09,t07,t09,1,6972,2019-05-02,MM,keep,M,2016-10-08,2.5643835616438357,TRUE,dis_novelty
190502_10_nov,2,dis_novelty,1,Cat,right,t20,t14,t20,1,6354,2019-05-02,MM,keep,M,2016-12-12,2.3863013698630136,TRUE,dis_novelty
190502_10_nov,2,dis_novelty,2,Pig,left,t06,t02,t06,0,7276,2019-05-02,MM,keep,M,2016-12-12,2.3863013698630136,TRUE,dis_novelty
190502_10_nov,2,dis_novelty,3,Bear,right,t15,t12,t15,1,10833,2019-05-02,MM,keep,M,2016-12-12,2.3863013698630136,TRUE,dis_novelty
190502_10_nov,2,dis_novelty,4,Beaver,left,t18,t13,t18,0,8823,2019-05-02,MM,keep,M,2016-12-12,2.3863013698630136,TRUE,dis_novelty
190502_10_nov,2,dis_novelty,5,Bunny,right,t07,t04,t07,1,6629,2019-05-02,MM,keep,M,2016-12-12,2.3863013698630136,TRUE,dis_novelty
190502_10_nov,2,dis_novelty,6,Mouse,right,t19,t11,t19,1,6901,2019-05-02,MM,keep,M,2016-12-12,2.3863013698630136,TRUE,dis_novelty
190502_10_nov,2,dis_novelty,7,Elephant,right,t22,t10,t22,1,6400,2019-05-02,MM,keep,M,2016-12-12,2.3863013698630136,TRUE,dis_novelty
190502_10_nov,2,dis_novelty,8,Sheep,left,t09,t03,t09,0,5310,2019-05-02,MM,keep,M,2016-12-12,2.3863013698630136,TRUE,dis_novelty
190502_10_nov,2,dis_novelty,9,Dog,left,t17,t01,t17,0,6696,2019-05-02,MM,keep,M,2016-12-12,2.3863013698630136,TRUE,dis_novelty
190502_10_nov,2,dis_novelty,10,Monkey,left,t21,t05,t21,0,6717,2019-05-02,MM,keep,M,2016-12-12,2.3863013698630136,TRUE,dis_novelty
190503_1_nov,2,dis_novelty,1,Bunny,right,t15,t15,t22,0,23851,2019-05-03,MM,keep,F,2017-01-25,2.2684931506849315,TRUE,dis_novelty
190503_1_nov,2,dis_novelty,2,Tiger,right,t06,t06,t14,0,10104,2019-05-03,MM,keep,F,2017-01-25,2.2684931506849315,TRUE,dis_novelty
190503_1_nov,2,dis_novelty,3,Elephant,left,t11,t11,t20,1,8862,2019-05-03,MM,keep,F,2017-01-25,2.2684931506849315,TRUE,dis_novelty
190503_1_nov,2,dis_novelty,4,Bear,right,t21,t07,t21,1,9110,2019-05-03,MM,keep,F,2017-01-25,2.2684931506849315,TRUE,dis_novelty
190503_1_nov,2,dis_novelty,5,Mouse,left,t02,t02,t10,1,11125,2019-05-03,MM,keep,F,2017-01-25,2.2684931506849315,TRUE,dis_novelty
190503_1_nov,2,dis_novelty,6,Cat,left,t04,t04,t17,1,10390,2019-05-03,MM,keep,F,2017-01-25,2.2684931506849315,TRUE,dis_novelty
190503_1_nov,2,dis_novelty,7,Beaver,right,t09,t09,t18,0,8565,2019-05-03,MM,keep,F,2017-01-25,2.2684931506849315,TRUE,dis_novelty
190503_1_nov,2,dis_novelty,8,Monkey,left,t05,t05,t12,1,9150,2019-05-03,MM,keep,F,2017-01-25,2.2684931506849315,TRUE,dis_novelty
190503_1_nov,2,dis_novelty,9,Sheep,left,t16,t16,t19,1,7473,2019-05-03,MM,keep,F,2017-01-25,2.2684931506849315,TRUE,dis_novelty
190503_1_nov,2,dis_novelty,10,Frog,left,t08,t08,t13,1,10635,2019-05-03,MM,keep,F,2017-01-25,2.2684931506849315,TRUE,dis_novelty
190503_2_nov,2,dis_novelty,1,Bunny,left,t15,t15,t02,1,11781,2019-05-03,MM,keep,F,2017-03-19,2.1232876712328768,TRUE,dis_novelty
190503_2_nov,2,dis_novelty,2,Bear,right,t12,t12,t20,0,7575,2019-05-03,MM,keep,F,2017-03-19,2.1232876712328768,TRUE,dis_novelty
190503_2_nov,2,dis_novelty,3,Pig,right,t06,t07,t06,1,8816,2019-05-03,MM,keep,F,2017-03-19,2.1232876712328768,TRUE,dis_novelty
190503_2_nov,2,dis_novelty,4,Sheep,right,t22,t13,t22,1,8089,2019-05-03,MM,keep,F,2017-03-19,2.1232876712328768,TRUE,dis_novelty
190503_2_nov,2,dis_novelty,5,Tiger,right,t14,t11,t14,1,8297,2019-05-03,MM,keep,F,2017-03-19,2.1232876712328768,TRUE,dis_novelty
190503_2_nov,2,dis_novelty,6,Elephant,left,t01,t08,t01,0,7370,2019-05-03,MM,keep,F,2017-03-19,2.1232876712328768,TRUE,dis_novelty
190503_2_nov,2,dis_novelty,7,Mouse,left,t19,t09,t19,0,8659,2019-05-03,MM,keep,F,2017-03-19,2.1232876712328768,TRUE,dis_novelty
190503_2_nov,2,dis_novelty,8,Cat,right,t18,t16,t18,1,8658,2019-05-03,MM,keep,F,2017-03-19,2.1232876712328768,TRUE,dis_novelty
190503_2_nov,2,dis_novelty,9,Dog,left,t04,t21,t04,0,7248,2019-05-03,MM,keep,F,2017-03-19,2.1232876712328768,TRUE,dis_novelty
190503_2_nov,2,dis_novelty,10,Frog,right,t03,t10,t03,1,9218,2019-05-03,MM,keep,F,2017-03-19,2.1232876712328768,TRUE,dis_novelty
190504_1_nov,2,dis_novelty,1,Frog,right,t21,t13,t21,1,9508,2019-05-04,MM,keep,M,2017-02-08,2.232876712328767,TRUE,dis_novelty
190504_1_nov,2,dis_novelty,2,Cat,right,t18,t14,t18,1,7025,2019-05-04,MM,keep,M,2017-02-08,2.232876712328767,TRUE,dis_novelty
190504_1_nov,2,dis_novelty,3,Monkey,left,t12,t12,t22,1,8189,2019-05-04,MM,keep,M,2017-02-08,2.232876712328767,TRUE,dis_novelty
190504_1_nov,2,dis_novelty,4,Bunny,left,t02,t02,t20,1,7599,2019-05-04,MM,keep,M,2017-02-08,2.232876712328767,TRUE,dis_novelty
190504_1_nov,2,dis_novelty,5,Dog,right,t17,t11,t17,1,8839,2019-05-04,MM,keep,M,2017-02-08,2.232876712328767,TRUE,dis_novelty
190504_1_nov,2,dis_novelty,6,Sheep,right,t19,t16,t19,1,6476,2019-05-04,MM,keep,M,2017-02-08,2.232876712328767,TRUE,dis_novelty
190504_1_nov,2,dis_novelty,7,Mouse,left,t08,t08,t03,1,8226,2019-05-04,MM,keep,M,2017-02-08,2.232876712328767,TRUE,dis_novelty
190504_1_nov,2,dis_novelty,8,Beaver,left,t15,t15,t04,1,8560,2019-05-04,MM,keep,M,2017-02-08,2.232876712328767,TRUE,dis_novelty
190504_1_nov,2,dis_novelty,9,Bear,right,t01,t09,t01,1,10536,2019-05-04,MM,keep,M,2017-02-08,2.232876712328767,TRUE,dis_novelty
190504_1_nov,2,dis_novelty,10,Pig,right,t06,t10,t06,1,9836,2019-05-04,MM,keep,M,2017-02-08,2.232876712328767,TRUE,dis_novelty
190508_1_nov,2,dis_novelty,1,Mouse,right,t09,t09,t22,0,11511,2019-05-08,MM,keep,M,2016-06-03,2.9287671232876713,TRUE,dis_novelty
190508_1_nov,2,dis_novelty,2,Beaver,left,t07,t07,t13,1,6509,2019-05-08,MM,keep,M,2016-06-03,2.9287671232876713,TRUE,dis_novelty
190508_1_nov,2,dis_novelty,3,Frog,right,t21,t06,t21,1,7548,2019-05-08,MM,keep,M,2016-06-03,2.9287671232876713,TRUE,dis_novelty
190508_1_nov,2,dis_novelty,4,Cat,left,t01,t01,t12,1,22997,2019-05-08,MM,keep,M,2016-06-03,2.9287671232876713,TRUE,dis_novelty
190508_1_nov,2,dis_novelty,5,Bear,right,t15,t02,t15,1,9409,2019-05-08,MM,keep,M,2016-06-03,2.9287671232876713,TRUE,dis_novelty
190508_1_nov,2,dis_novelty,6,Bunny,right,t14,t03,t14,1,12416,2019-05-08,MM,keep,M,2016-06-03,2.9287671232876713,TRUE,dis_novelty
190508_1_nov,2,dis_novelty,7,Sheep,left,t04,t04,t17,1,10962,2019-05-08,MM,keep,M,2016-06-03,2.9287671232876713,TRUE,dis_novelty
190508_1_nov,2,dis_novelty,8,Tiger,right,t11,t08,t11,1,9186,2019-05-08,MM,keep,M,2016-06-03,2.9287671232876713,TRUE,dis_novelty
190508_1_nov,2,dis_novelty,9,Elephant,left,t19,t19,t18,1,9375,2019-05-08,MM,keep,M,2016-06-03,2.9287671232876713,TRUE,dis_novelty
190508_1_nov,2,dis_novelty,10,Dog,left,t20,t20,t05,1,15459,2019-05-08,MM,keep,M,2016-06-03,2.9287671232876713,TRUE,dis_novelty
